backbone,level,easy_ap_percent,medium_ap_percent,hard_ap_percent,est_size_mb,selected
mobilenetv1,float32,90.59,89.13,83.94,15.87,False
mobilenetv1,c256,90.72,89.29,83.93,16.01,False
mobilenetv1,c128,90.62,89.31,83.95,9.53,False
mobilenetv1,c64,90.81,89.35,84.03,6.04,False
mobilenetv1,c32,90.64,89.34,84.16,4.05,False
mobilenetv1,c16,90.57,89.06,83.57,2.81,False
mobilenetv1,c12,90.44,88.93,83.8,2.63,False
mobilenetv1,c8,90.34,88.97,83.59,1.95,False
mobilenetv1,c7,90.37,88.81,82.79,1.9,True
mobilenetv1,c6,89.43,87.96,82.33,1.85,False
mobilenetv1,c5,89.85,88.37,82.53,1.81,False
mobilenetv1,c4,88.5,87.05,81.45,1.27,False
mobilenetv1,c3,87.64,86.06,80.18,1.22,False
mobilenetv1,c2,82.24,80.91,72.91,0.68,False
mobilenetv1_0.25,float32,88.48,87.01,80.4,1.63,False
mobilenetv1_0.25,c256,88.76,87.38,80.68,3.79,False
mobilenetv1_0.25,c128,88.87,87.44,80.72,2.06,False
mobilenetv1_0.25,c64,88.41,87.11,80.77,1.17,False
mobilenetv1_0.25,c32,88.16,86.61,80.4,0.7,False
mobilenetv1_0.25,c16,88.31,86.7,80.26,0.44,False
mobilenetv1_0.25,c12,88.7,86.88,80.37,0.38,True
mobilenetv1_0.25,c8,87.69,86.33,78.5,0.28,False
mobilenetv1_0.25,c7,87.11,85.44,79.15,0.27,False
mobilenetv1_0.25,c6,85.99,84.39,76.71,0.25,False
mobilenetv1_0.25,c5,86.28,84.73,77.04,0.24,False
mobilenetv1_0.25,c4,85.17,83.41,73.93,0.18,False
mobilenetv1_0.25,c3,74.76,74.1,68.68,0.17,False
mobilenetv1_0.25,c2,65.44,60.04,46.98,0.1,False
mobilenetv1_0.50,float32,89.44,87.98,82.22,6.32,False
mobilenetv1_0.50,c256,89.45,87.98,82.63,8.24,False
mobilenetv1_0.50,c128,89.32,87.88,82.13,4.74,False
mobilenetv1_0.50,c64,89.15,87.69,82.22,2.88,False
mobilenetv1_0.50,c32,89.17,87.68,82.42,1.86,False
mobilenetv1_0.50,c16,89.4,87.9,81.98,1.25,False
mobilenetv1_0.50,c12,88.56,86.92,81.55,1.15,False
mobilenetv1_0.50,c8,88.73,87.29,81.65,0.85,True
mobilenetv1_0.50,c7,87.97,86.42,80.87,0.82,False
mobilenetv1_0.50,c6,87.78,86.29,79.99,0.79,False
mobilenetv1_0.50,c5,87.79,86.0,80.02,0.77,False
mobilenetv1_0.50,c4,85.79,84.06,76.81,0.55,False
mobilenetv1_0.50,c3,84.6,82.59,74.92,0.52,False
mobilenetv1_0.50,c2,77.33,72.7,60.98,0.3,False
mobilenetv2,float32,91.74,91.04,86.42,11.93,False
mobilenetv2,c256,91.65,90.91,85.92,21.03,False
mobilenetv2,c128,91.84,90.89,85.86,11.69,False
mobilenetv2,c64,92.11,91.21,86.21,6.84,False
mobilenetv2,c32,92.03,91.25,86.06,4.22,False
mobilenetv2,c16,91.1,90.28,84.96,2.74,False
mobilenetv2,c12,91.31,90.43,85.24,2.45,False
mobilenetv2,c8,91.8,90.8,85.62,1.81,False
mobilenetv2,c7,91.17,90.56,85.13,1.74,False
mobilenetv2,c6,91.61,90.8,84.79,1.67,False
mobilenetv2,c5,91.81,90.44,85.3,1.6,True
mobilenetv2,c4,90.44,89.29,83.41,1.16,False
mobilenetv2,c3,89.19,87.88,82.29,1.09,False
mobilenetv2,c2,85.63,83.52,75.04,0.65,False
resnet18,float32,91.51,91.02,86.47,45.84,False
resnet18,c256,91.92,91.28,86.86,17.46,False
resnet18,c128,91.57,91.21,86.69,13.05,False
resnet18,c64,91.92,91.46,86.82,10.12,False
resnet18,c32,92.14,91.66,86.96,7.95,False
resnet18,c16,92.06,91.41,86.75,6.14,False
resnet18,c12,92.36,91.5,86.61,6.05,False
resnet18,c8,92.17,91.4,86.46,4.53,False
resnet18,c7,92.17,91.43,86.35,4.5,False
resnet18,c6,91.87,91.08,86.42,4.48,False
resnet18,c5,92.17,91.16,86.4,4.46,True
resnet18,c4,91.18,90.55,85.92,3.0,False
resnet18,c3,90.7,89.8,84.78,2.98,False
resnet18,c2,87.98,86.99,79.49,1.52,False
resnet34,float32,94.14,93.1,88.74,84.4,False
resnet34,c256,94.24,93.2,88.72,30.75,False
resnet34,c128,94.12,93.24,88.91,23.32,False
resnet34,c64,94.21,93.23,88.81,18.28,False
resnet34,c32,94.0,93.2,88.91,14.45,False
resnet34,c16,93.7,92.85,88.56,11.21,False
resnet34,c12,93.93,92.87,88.36,11.06,False
resnet34,c8,94.15,93.18,88.72,8.28,False
resnet34,c7,93.89,92.81,88.55,8.24,False
resnet34,c6,93.84,92.92,88.42,8.2,False
resnet34,c5,93.77,92.72,88.01,8.17,False
resnet34,c4,93.43,92.57,88.15,5.49,True
resnet34,c3,92.86,91.78,86.88,5.46,False
resnet34,c2,91.52,90.24,84.58,2.78,False
resnet50,float32,94.83,93.84,89.39,104.12,False
resnet50,c256,93.91,93.26,88.71,54.6,True
resnet50,c128,93.55,92.97,88.82,37.15,False
resnet50,c64,93.01,92.53,88.61,26.8,False
resnet50,c32,92.62,92.48,88.5,20.01,False
resnet50,c16,92.33,92.24,88.4,14.98,False
resnet50,c12,92.34,92.22,88.41,14.54,False
resnet50,c8,92.23,92.26,88.49,10.85,False
resnet50,c7,91.75,91.92,87.99,10.74,False
resnet50,c6,92.41,92.12,88.23,10.63,False
resnet50,c5,92.6,92.39,88.22,10.52,False
resnet50,c4,91.29,91.49,87.71,7.16,False
resnet50,c3,90.99,91.15,87.34,7.05,False
resnet50,c2,90.36,90.04,84.1,3.69,False
